{
  "version": 1,
  "author": "Felipe Bernardes",
  "editor": "wokwi",
  "parts": [
    { 
      "type": "board-esp32-devkit-c-v4", 
      "id": "esp", 
      "top": 0, 
      "left": -4.76, 
      "attrs": {} 
    },
    { 
      "type": "relay", 
      "id": "relay", 
      "top": 5, 
      "left": 0, 
      "attrs": {} 
    },
    { 
      "type": "sensor-acs712", 
      "id": "acs712", 
      "top": 5, 
      "left": 5, 
      "attrs": {} 
    },
    { 
      "type": "sensor-dht11", 
      "id": "dht11", 
      "top": 5, 
      "left": -5, 
      "attrs": {} 
    },
    { 
      "type": "led", 
      "id": "led", 
      "top": -5, 
      "left": 5, 
      "attrs": {} 
    }
  ],
  "connections": [
    [ "esp:TX", "$serialMonitor:RX", "", [] ],
    [ "esp:RX", "$serialMonitor:TX", "", [] ],
    [ "esp:5V", "relay:VCC", "", [] ],
    [ "esp:GND", "relay:GND", "", [] ],
    [ "esp:23", "relay:IN", "", [] ],  
    [ "esp:34", "acs712:VCC", "", [] ], 
    [ "esp:GND", "acs712:GND", "", [] ],
    [ "esp:34", "acs712:ANALOG", "", [] ], 
    [ "esp:4", "dht11:VCC", "", [] ],  
    [ "esp:GND", "dht11:GND", "", [] ],
    [ "esp:13", "led:VCC", "", [] ],   
    [ "esp:GND", "led:GND", "", [] ]    
  ],
  "dependencies": {}
}
